{
  "project_info": {
    "project_id": "oappprototype",
    "project_number": "751274716012",
    "name": "OAppProtoType"
  },
  "client": [
    {
      "client_info": {
        "mobilesdk_app_id": "1:751274716012:android:5ecc901b3ef6e920",
        "client_id": "android:com.overstock.android.prototype",
        "client_type": 1,
        "android_client_info": {
          "package_name": "com.overstock.android.prototype",
          "certificate_hash": []
        }
      },
      "oauth_client": [
        {
          "client_id": "751274716012-ei5adcf6mg79hfj5i8s93isfimvareqt.apps.googleusercontent.com",
          "client_type": 1,
          "android_info": {
            "package_name": "com.overstock.android.prototype",
            "certificate_hash": "AE6BC42D8E23977FEF1DC2FCEC0052993CAF321D"
          }
        }
      ],
      "api_key": [],
      "services": {
        "analytics_service": {
          "status": 1
        },
        "cloud_messaging_service": {
          "status": 2,
          "apns_config": []
        },
        "appinvite_service": {
          "status": 1,
          "other_platform_oauth_client": []
        },
        "google_signin_service": {
          "status": 2
        },
        "ads_service": {
          "status": 2,
          "test_banner_ad_unit_id": "ca-app-pub-3940256099942544/6300978111",
          "test_interstitial_ad_unit_id": "ca-app-pub-3940256099942544/1033173712"
        }
      }
    }
  ],
  "client_info": [],
  "ARTIFACT_VERSION": "1"
}